outage_duration_s,baseline_name,eval_count,drift_mean,drift_median,drift_std,drift_p25,drift_p75,drift_p95,drift_min,drift_max,rmse_mean,rmse_median,endpoint_err_mean,endpoint_err_median
10.0,BASELINE 1: Pure INS,9,41.382484695083555,19.0170855803811,57.17567779466252,6.658189507114626,30.3576284222046,147.16008518786862,4.492234666616185,188.79006815528453,7.681976706913474,4.880503306665399,15.788234845763842,9.401340237406025
10.0,BASELINE 2: INS + EKF,9,23.71059283016552,12.987071298646338,29.650747746610126,5.464912057180346,18.08876314943689,79.01102767848177,2.1258883596325937,97.93622457883878,5.1691749855853,3.1633530685079707,10.39815984392571,7.716436662272132
10.0,BASELINE 3: ML Only,9,375.79720008340115,35.412466183991256,620.0092415800999,21.299463183101533,165.01360152155266,1547.3926412102255,5.051719303329655,1616.7457566543671,23.13775661863421,14.171398981467378,37.73833991940395,25.841632534231486
10.0,BASELINE 4: ML + INS,9,324.0001191149345,33.54174586996667,533.7823945705475,18.463871878616796,140.6968169934495,1331.2660814506764,5.007442801933836,1382.7505336099866,20.401003724462992,12.072309392076788,33.50102324295637,22.03355002227411
10.0,BASELINE 5: ML + INS + EKF,9,375.79720008340115,35.412466183991256,620.0092415800999,21.299463183101533,165.01360152155266,1547.3926412102255,5.051719303329655,1616.7457566543671,23.13775661863421,14.171398981467378,37.73833991940395,25.841632534231486
10.0,BASELINE 6: ML + INS + EKF + NHC,9,375.61036387428027,35.42179357763868,619.6584775913301,21.28959150527664,165.01140923308145,1546.5278485109868,5.054196022420024,1615.7735734440437,23.13731416083028,14.17119392928228,37.736946732777284,25.84128921518045
10.0,BASELINE 7: ML + INS + EKF + NHC + ZUPT,9,267.3091009338038,35.42179357763868,422.7484426721164,21.28959150527664,101.5267147948565,1066.0542815257725,5.054196022420024,1115.116700060067,22.907323892898418,7.665955947791168,41.793089810211804,15.899392728506268
10.0,BASELINE 8: ML + Kinematic Gate + EKF + NHC + ZUPT,9,266.6593586006726,35.72830980959905,423.1203020220827,19.267130621007748,101.5267147948565,1066.0542815257725,1.804391572283759,1115.116700060067,23.275598966802324,11.080399663695456,41.03129761731739,19.62805739131269
10.0,BASELINE 9: INS + EKF + NHC + ZUPT (no ML),9,29.34223909452289,12.152771305065189,38.21844209526936,7.332722548725652,18.32712675708458,100.33825417229235,2.137024164561473,100.56423330779867,14.529470871542944,4.966893085666519,25.83839580529707,10.12077399605426
30.0,BASELINE 1: Pure INS,8,244.5998333539012,62.5502499292214,354.46359883880666,15.96929462420712,262.1904568888354,864.3046932279013,14.059117373036974,881.3709919429939,61.30905845200856,35.45858925811966,124.84334476560191,58.38063725557649
30.0,BASELINE 2: INS + EKF,8,132.76327449107805,34.3754027244611,184.90810504560596,13.20899884536482,148.6346089405991,460.51316700815045,8.490832098903029,483.55306176228254,43.84939392479954,28.155034857722505,86.06156073733149,44.48058215169116
30.0,BASELINE 3: ML Only,8,1348.8968828366492,50.818883046755175,2245.7260947076743,30.43241114679097,1328.1612722592984,5352.8624384278555,15.542763560959935,5667.099990362895,77.26948756366318,68.45235161597327,138.15342135016041,131.23219316916087
30.0,BASELINE 4: ML + INS,8,1179.8523437944855,47.70264501911355,1958.796303902475,26.348838057630513,1164.6437285747074,4669.60581467566,21.37136209000302,4935.026365386443,72.75721971946876,58.64371997550848,131.75470697368294,112.19319235117509
30.0,BASELINE 5: ML + INS + EKF,8,1348.8968828366492,50.818883046755175,2245.7260947076743,30.43241114679097,1328.1612722592984,5352.8624384278555,15.542763560959935,5667.099990362895,77.26948756366318,68.45235161597327,138.15342135016041,131.23219316916087
30.0,BASELINE 6: ML + INS + EKF + NHC,8,1348.4327246089554,50.78810988702723,2245.064621326639,30.249522804773196,1327.633901385813,5351.348342849193,15.472317703638913,5665.924277490351,77.12588242680968,68.45715069035194,137.83904999325364,131.24439510704158
30.0,BASELINE 7: ML + INS + EKF + NHC + ZUPT,8,969.0739028460741,46.41733814503923,1620.8753199507362,30.249522804773196,896.7562664670234,3880.5642718165786,12.029869030749603,4182.020597858191,76.42693315125354,51.2500988775345,131.6647731526906,93.17222128606392
30.0,BASELINE 8: ML + Kinematic Gate + EKF + NHC + ZUPT,8,968.5325050486663,45.79498497345031,1621.1909458600912,29.015601076234965,896.7562664670234,3880.5642718165786,9.986852529189456,4182.020597858191,75.50072172186219,45.84839940073657,129.8366853238459,84.82969252615241
30.0,BASELINE 9: INS + EKF + NHC + ZUPT (no ML),8,45.019302344795804,38.15156790176883,34.1847151993418,23.34799852544202,58.86788559120916,99.25994225037452,5.203362847367269,99.8138848264326,62.556035838087816,27.61965316058212,109.89128921825687,54.73461052455352
60.0,BASELINE 1: Pure INS,8,60.67128441808593,51.52667416039819,33.215161203630444,33.394782979338984,76.22860563778885,115.64464756444902,26.674014504144296,121.55542494839725,157.4399435048261,113.96899495192251,301.75108254464624,242.0883673669406
60.0,BASELINE 2: INS + EKF,8,31.097812117841748,30.389121191111272,12.23424218750668,25.488864940790087,36.57556840116003,49.48352623226711,12.728615392512973,54.362915051143,113.90982697668812,76.77258910897888,211.28549986623793,158.21416883471102
60.0,BASELINE 3: ML Only,8,512.4710757294079,31.745812319752737,1088.3561576351017,23.719001158708185,206.5848198959357,2366.0415038296387,6.913826111254447,3360.680386559356,148.16724298721618,122.98651431200588,222.2403254473702,182.71624752910083
60.0,BASELINE 4: ML + INS,8,441.7002706811651,32.402362585648675,927.3205406526585,20.689643564221452,183.8757505755377,2023.0374171863518,14.501954183504614,2867.233021000296,143.4586445173865,122.04007571178295,216.6863218851567,160.3389001650392
60.0,BASELINE 5: ML + INS + EKF,8,512.4710757294079,31.745812319752737,1088.3561576351017,23.719001158708185,206.5848198959357,2366.0415038296387,6.913826111254447,3360.680386559356,148.16724298721618,122.98651431200588,222.2403254473702,182.71624752910083
60.0,BASELINE 6: ML + INS + EKF + NHC,8,512.3102006657695,31.70362235326649,1087.916919658211,23.732716457436016,206.58555403096784,2365.1896682904803,6.9596351205743865,3359.337711877474,147.98412158091514,122.99264363720448,222.18566228804406,182.9086894829066
60.0,BASELINE 7: ML + INS + EKF + NHC + ZUPT,8,361.178638849407,31.70362235326649,780.2136365289314,22.473588282565803,113.51330923348868,1680.3864346278212,5.043294754725593,2408.5257658657124,142.42504760378586,87.37161149400004,205.00691201325253,144.60735057589523
60.0,BASELINE 8: ML + Kinematic Gate + EKF + NHC + ZUPT,8,360.92505297095465,31.752463690007176,780.3281217015485,21.865874688514268,113.64289360316437,1680.3864346278212,3.84090783952202,2408.5257658657124,142.13393567502533,85.06090635692127,203.13202917029116,141.85593962586978
60.0,BASELINE 9: INS + EKF + NHC + ZUPT (no ML),8,51.399962789641265,53.22653583742333,32.08535164070195,29.027435938696602,71.53523522470712,95.81536721412543,6.696717264274518,99.83126924469332,141.83741019240495,81.4152057815243,222.6545814127423,146.03404033475215
120.0,BASELINE 1: Pure INS,7,109.26652705608784,54.99465133331902,127.76695121007138,35.03023534358517,100.17699922897899,321.4464561670158,25.359832478052187,414.0967364361153,400.2885136210779,302.9013842180784,723.7346298170032,496.5754036793644
120.0,BASELINE 2: INS + EKF,7,72.64910105137403,43.035833878729925,56.40520408756067,39.461923056154916,89.33835641626249,164.1692919534766,12.686007741030034,195.22130679502348,388.97245530142624,314.42257121147566,647.6833988970394,432.66332593568376
120.0,BASELINE 3: ML Only,7,439.57019720775406,75.30873971134689,893.506797016287,61.37175556873113,112.23147652106856,1881.844327146862,27.71263627112521,2626.763540292207,458.6330767801349,478.7077645851167,830.3793341444426,806.7396110571491
120.0,BASELINE 4: ML + INS,7,372.63294594509944,68.86717978384053,745.0499276297479,58.068374048790815,101.193015921674,1574.2606530946628,24.6385866237156,2196.4020752672104,419.2922765592712,410.55089470867455,754.2262911430231,717.2512782742608
120.0,BASELINE 5: ML + INS + EKF,7,439.57019720775406,75.30873971134689,893.506797016287,61.37175556873113,112.23147652106856,1881.844327146862,27.71263627112521,2626.763540292207,458.6330767801349,478.7077645851167,830.3793341444426,806.7396110571491
120.0,BASELINE 6: ML + INS + EKF + NHC,7,439.37971725303356,75.40170860046774,892.9161932305876,61.39928909132632,112.34549612974712,1880.7592218625336,27.64818928875616,2625.1185524398643,458.3837087518814,477.16493421587467,830.4612202557433,804.8635017984864
120.0,BASELINE 7: ML + INS + EKF + NHC + ZUPT,7,311.9476667978396,60.16841941160499,629.8118608881575,38.62188576742852,87.73410171168094,1331.0674132503245,17.587559137007837,1853.1657140780449,416.9112321756215,428.8503954383697,717.9896726867591,582.1769820154692
120.0,BASELINE 8: ML + Kinematic Gate + EKF + NHC + ZUPT,7,311.62213245471565,59.42426757862928,629.9503794673584,38.05151606787871,87.72744137638769,1331.0674132503245,17.20703063780285,1853.1657140780449,413.87848674541965,423.9792402005904,713.560193074941,566.5322536671648
120.0,BASELINE 9: INS + EKF + NHC + ZUPT (no ML),7,64.16182822285782,64.67285286372847,29.784335388605584,56.17524729454976,85.01459785853027,97.64038515006956,2.823153127190629,99.25710126292564,549.1712040467854,378.46646803026414,919.2865106821116,468.24509871039584
